JOB,USERNAME
details_total_cost_cc_ff,ales8sj
auto_suggest_cc_ff,AUTOSUGGEST888
print_sample_cc_ff,bu8sdr5ui
multiple_reprint_cc_ff,cm5jn67dm05
pagination_cc_ff,emlghz3svvb
postage_balance_update_cc_ff,eubyiccm
new_country_code_cc_ff,i92zdwav5
change_order_status_cc_ff,iuc75alcb8
orders_authentication_cc_ff,kiu9r9yzo
purchasing_cc_ff,kulwyj9vs0f3kd
parcel_select_cc_ff,ma6sawp2uj
international_cc_ff,mdvt73o
parcel_select_cc_ff,lajqv7l4f9u
address_management_cc_ff,mc6ozi754o
expand_order_details_panel_cc_ff,iotkm2t8nbf3
sorting_cc_ff,mysfp0c9g
print_layouts_cn22_cc_ff,nhr9mm6m5l
import_orders_cc_ff,obeku8a
grid_ship_cost_cc_ff,om8tabs4mx2
grid_insured_value_cc_ff,p74c4js
print_two_up_cc_ff,p8rk9lk7e
tracking_defaults_cc_ff,pbgwtrqhe
print_modal_label_count_thermal_cc_ff,qfqd7nbzkjp9
general_settings_cc_ff,qp1z9dnytt62r
print_two_up_expanded_cc_ff,qp9nkipuzhh
grid_tracking_cc_ff,rxkuzwwclobat
print_date_cc_ff,s8nxs3g
rules_international_cc_ff,sezse4l4
reprint_cc_ff,swd4e1ai4lz
service_tooltip_cc_ff,swnp2sxzytjxru
address_cleansing_cc_ff,swv6wmuno
print_layouts_cp72_cc_ff,tsrak8hn47w3t5
rules_domestic_cc_ff,u89bd4bwduwi
print_label_position_cc_ff,tq0n8vxqotdn
print_on_thermal_cc_ff,xcvc19m4as5b7z
inline_service_rates_cc_ff,xha5o97
fcm_selection_enabled_cc_ff,y8p3uf8nuvkm93
details_placeholders_cc_ff,za0xh2034rmu8
print_media_cc_ff,zm0cl501d3x
